{
    "key": "group_65d370f992615",
    "title": "Stile globale bottoni",
    "fields": [
        {
            "key": "field_65d37100bd6d4",
            "label": "Colore di sfondo",
            "name": "colore_di_sfondo",
            "aria-label": "",
            "type": "color_picker",
            "instructions": "",
            "required": 0,
            "conditional_logic": 0,
            "wrapper": {
                "width": "50",
                "class": "",
                "id": ""
            },
            "default_value": "",
            "enable_opacity": 0,
            "return_format": "string"
        },
        {
            "key": "field_65d380e8795e5",
            "label": "Colore di sfondo:hover",
            "name": "colore_di_sfondo_hover",
            "aria-label": "",
            "type": "color_picker",
            "instructions": "",
            "required": 0,
            "conditional_logic": 0,
            "wrapper": {
                "width": "50",
                "class": "",
                "id": ""
            },
            "default_value": "",
            "enable_opacity": 0,
            "return_format": "string"
        },
        {
            "key": "field_65d3714ebd6d5",
            "label": "Colore testo",
            "name": "colore_testo",
            "aria-label": "",
            "type": "color_picker",
            "instructions": "",
            "required": 0,
            "conditional_logic": 0,
            "wrapper": {
                "width": "50",
                "class": "",
                "id": ""
            },
            "default_value": "",
            "enable_opacity": 0,
            "return_format": "string"
        },
        {
            "key": "field_65d3810a795e6",
            "label": "Colore di testo:hover",
            "name": "colore_di_testo_hover",
            "aria-label": "",
            "type": "color_picker",
            "instructions": "",
            "required": 0,
            "conditional_logic": 0,
            "wrapper": {
                "width": "50",
                "class": "",
                "id": ""
            },
            "default_value": "",
            "enable_opacity": 0,
            "return_format": "string"
        },
        {
            "key": "field_65d3715bbd6d6",
            "label": "Raggio del bordo",
            "name": "raggio_del_bordo",
            "aria-label": "",
            "type": "number",
            "instructions": "",
            "required": 0,
            "conditional_logic": 0,
            "wrapper": {
                "width": "11",
                "class": "",
                "id": ""
            },
            "default_value": "",
            "min": "",
            "max": "",
            "placeholder": "0px",
            "step": "",
            "prepend": "",
            "append": "px"
        },
        {
            "key": "field_65d38128795e7",
            "label": "Colore bordo",
            "name": "colore_bordo",
            "aria-label": "",
            "type": "color_picker",
            "instructions": "",
            "required": 0,
            "conditional_logic": 0,
            "wrapper": {
                "width": "33",
                "class": "",
                "id": ""
            },
            "default_value": "",
            "enable_opacity": 1,
            "return_format": "string"
        },
        {
            "key": "field_65d3831b22d11",
            "label": "Spessore bordo",
            "name": "spessore_bordo",
            "aria-label": "",
            "type": "number",
            "instructions": "",
            "required": 0,
            "conditional_logic": 0,
            "wrapper": {
                "width": "33",
                "class": "",
                "id": ""
            },
            "default_value": "",
            "min": "",
            "max": "",
            "placeholder": "",
            "step": "",
            "prepend": "",
            "append": "px"
        },
        {
            "key": "field_65d383cedbb11",
            "label": "Colore bordo:hover",
            "name": "colore_bordo_hover",
            "aria-label": "",
            "type": "color_picker",
            "instructions": "",
            "required": 0,
            "conditional_logic": 0,
            "wrapper": {
                "width": "23",
                "class": "",
                "id": ""
            },
            "default_value": "",
            "enable_opacity": 0,
            "return_format": "string"
        }
    ],
    "location": [
        [
            {
                "param": "options_page",
                "operator": "==",
                "value": "theme-general-settings"
            }
        ]
    ],
    "menu_order": 0,
    "position": "normal",
    "style": "default",
    "label_placement": "top",
    "instruction_placement": "label",
    "hide_on_screen": "",
    "active": true,
    "description": "",
    "show_in_rest": 0,
    "modified": 1708425288
}
