{
    "key": "post_type_65dc6ac59217b",
    "title": "Tour",
    "menu_order": 0,
    "active": true,
    "post_type": "tour",
    "advanced_configuration": true,
    "import_source": "",
    "import_date": "",
    "labels": {
        "name": "Tour",
        "singular_name": "Tour",
        "menu_name": "Tour",
        "all_items": "Tutti i Tour",
        "edit_item": "Modifica Tour",
        "view_item": "Vedi Tour",
        "view_items": "Vedi Tour",
        "add_new_item": "Aggiungi nuovo Tour",
        "add_new": "",
        "new_item": "Nuovo Tour",
        "parent_item_colon": "Parent Tour:",
        "search_items": "Cerca Tour",
        "not_found": "No tour found",
        "not_found_in_trash": "No tour found in Trash",
        "archives": "Tour Archives",
        "attributes": "Tour Attributes",
        "featured_image": "",
        "set_featured_image": "",
        "remove_featured_image": "",
        "use_featured_image": "",
        "insert_into_item": "Insert into tour",
        "uploaded_to_this_item": "Uploaded to this tour",
        "filter_items_list": "Filter tour list",
        "filter_by_date": "Filter tour by date",
        "items_list_navigation": "Tour list navigation",
        "items_list": "Tour list",
        "item_published": "Tour published.",
        "item_published_privately": "Tour published privately.",
        "item_reverted_to_draft": "Tour reverted to draft.",
        "item_scheduled": "Tour scheduled.",
        "item_updated": "Tour updated.",
        "item_link": "Tour Link",
        "item_link_description": "A link to a tour."
    },
    "description": "",
    "public": true,
    "hierarchical": true,
    "exclude_from_search": false,
    "publicly_queryable": true,
    "show_ui": true,
    "show_in_menu": true,
    "admin_menu_parent": "",
    "show_in_admin_bar": true,
    "show_in_nav_menus": true,
    "show_in_rest": true,
    "rest_base": "",
    "rest_namespace": "wp\/v2",
    "rest_controller_class": "WP_REST_Posts_Controller",
    "menu_position": "",
    "menu_icon": "dashicons-admin-site",
    "rename_capabilities": false,
    "singular_capability_name": "post",
    "plural_capability_name": "posts",
    "supports": [
        "title",
        "editor",
        "thumbnail"
    ],
    "taxonomies": "",
    "has_archive": false,
    "has_archive_slug": "",
    "rewrite": {
        "permalink_rewrite": "post_type_key",
        "with_front": "1",
        "feeds": "0",
        "pages": "1"
    },
    "query_var": "post_type_key",
    "query_var_name": "",
    "can_export": true,
    "delete_with_user": false,
    "register_meta_box_cb": "",
    "modified": 1708944171
}
